1,Coka,7,NULL,NULL,NULL,NULL,1,11,2:21,assets/music/Coka-Sukhe.mp3,1,54
2,Ae Dil Hai Mushkil,5,28,NULL,NULL,NULL,5,2,4:29,assets/music/Ae-Dil-Hai-Mushkil.mp3,5,408
3,Buddhu Sa Man Hai,9,58,NULL,NULL,NULL,5,11,3:26,assets/music/Buddhu-Sa-Mann-Hai.mp3,5,82
4,Chale Aana,58,9,NULL,NULL,NULL,5,2,4:31,assets/music/Chale-Aana-De-De-Pyaar-De.mp3,5,73
5,Channa Mereya,5,28,NULL,NULL,NULL,4,2,4:49,assets/music/Channa-Mereya-Arijit-Singh.mp3,4,132
6,Jeena Jeena (Badalapur),10,NULL,NULL,NULL,NULL,4,2,3:48,assets/music/Jeena-Jeena-Badalapur.mp3,4,102
7,Kon hai vo Baahubali,31,NULL,NULL,NULL,NULL,5,8,3:18,assets/music/Kaun-Hain-Voh-Baahubali-kailash-kher.mp3,5,56
8,Nashe Si Chad Gayi,5,NULL,NULL,NULL,NULL,5,11,3:57,assets/music/Nashe-Si-Chad-Gayi-Arijit-Singh.mp3,5,79
9,Tu Chahiye (Bajrangi Bhaijaan),10,NULL,NULL,NULL,NULL,4,2,4:33,assets/music/Tu-chahiye-bajrangi-bhaijaan-atif-aslam.mp3,4,58
10,The Breakup Song (Arijit and Badshah),5,28,30,59,60,2,4,4:12,assets/music/The-Breakup-Song-(Arijit and Badshah).mp3,2,100
11,Teri Saanson Mein (Arijit-Singh),5,61,,,,8,11,4:30,assets/music/02_Teri_Saanson_Mein_-_Arijit_Singh_-_320Kbps.mp3,8,0
12,Tu Hai Ki Nahi (Roy),29,,,,,4,12,5:38,assets/music/02_Tu_Hai_Ki_Nahi_(Roy)_-_Ankit_Tiwari_-_320Kbps.mp3,4,0
13,Aankhon Aankhon (Bhaag_Johnny),4,,,,,12,5,4:04,assets/music/03_Aankhon_Aankhon_(Bhaag_Johnny)_320Kbps.mp3,12,0
14,Aaj Ki Party (Bajrangi_Bhaijaan),26,,,,,2,11,4:40,assets/music/04_Aaj_Ki_Party_-_Bajrangi_Bhaijaan_(Mika)_320Kbps.mp3,2,0
15,Ek Do Teen (Baaghi 2),12,62,,,,2,11,4:03,assets/music/04_Ek_Do_Teen_-_Baaghi_2_-_320Kbps.mp3,2,0
16,Jay Jaykara (Bahubali 2),31,,,,,5,8,3:31,assets/music/04_Jay-Jaykara_-_Bahubali_2_-_320Kbps.mp3,5,0
17,Mahi Aaja (Singh_Is_Bliing),5,,,,,8,13,3:39,assets/music/04_Mahi_Aaja_Unplugged_(Singh_Is_Bliing)_Arijit_Singh_320Kbps.mp3,8,0
18,Chashni (Bharat),63,,,,,13,12,4:26,assets/music/Chashni_-_Bharat.mp3,13,0
