1,Imran Khan
2,Harrdy Sandhu
3,Diljit Dosanjh
4,Yo Yo Honey Singh
5,Arijit Singh
6,Various Artist
7,Shekh-E Muzical Doctorz
8,
9,Armaan Malik
10,Atif Aslam
11,Vishal Dadlani
12,Shreya Ghosal
13,Sonu Nigam
14,Kumar Sanu
15,Alka Yagnik
16,Udit Narayan
17,Lata Mangeshkar
18,Sunidhi Chauhan
19,Neha Kakkar
20,A R Rahaman
21,Asha Bhosale
22,Rahat Fateh Ali Khan
23,Anu Malik
24,Mohit Chauhan
25,Neeti Mohan
26,Mika Singh
27,Shaan
28,Pritam Chakraborty
29,Ankit Tiwari
30,Badshah
31,Kailash kher
32,Shanker Mahadevan
33,Himesh Reshammiya
34,Ayushmaan Khurrana
35,Nusrat Fateh Ali Khan
36,Adnan Sami
37,Shirley Setia
38,Gippy Grewal
39,Justin Bieber
40,Lady Gaga
41,Katy Perry
42,Jennifer Lopez
43,Adele
44,Shakira
45,Ed Sheeran
46,Akon
47,Eminem
48,Pitbull
49,Luis Fonsi
50,Daddy Yankee
51,Shawn Mendes
52,Imagine Dragons
53,J Balvin
54,Willy Williams
55,Camila Cabello
56,Otillia
57,Selena Gomez
58,Amaal Malik
59,Jonita Gandhi
60,Nakash Aziz
61,Palak Muchhal
62,Parry G
63,Abijeet Srivastava
